-- phpMyAdmin SQL Dump
-- version 5.0.2
-- https://www.phpmyadmin.net/
--
-- Host: 127.0.0.1
-- Czas generowania: 21 Wrz 2020, 00:10
-- Wersja serwera: 10.4.11-MariaDB
-- Wersja PHP: 7.4.5

SET SQL_MODE = "NO_AUTO_VALUE_ON_ZERO";
START TRANSACTION;
SET time_zone = "+00:00";


/*!40101 SET @OLD_CHARACTER_SET_CLIENT=@@CHARACTER_SET_CLIENT */;
/*!40101 SET @OLD_CHARACTER_SET_RESULTS=@@CHARACTER_SET_RESULTS */;
/*!40101 SET @OLD_COLLATION_CONNECTION=@@COLLATION_CONNECTION */;
/*!40101 SET NAMES utf8mb4 */;

--
-- Baza danych: `diabetyk`
--

-- --------------------------------------------------------

--
-- Struktura tabeli dla tabeli `jadlospis_temp`
--

CREATE TABLE `jadlospis_temp` (
  `id` int(11) NOT NULL,
  `id_usera` int(11) NOT NULL,
  `id_produktu` int(11) NOT NULL,
  `ilosc` int(11) NOT NULL
) ENGINE=InnoDB DEFAULT CHARSET=utf8mb4;

--
-- Zrzut danych tabeli `jadlospis_temp`
--

INSERT INTO `jadlospis_temp` (`id`, `id_usera`, `id_produktu`, `ilosc`) VALUES
(3, 1, 0, 0),
(8, 1, 0, 0),
(9, 1, 0, 0),
(14, 1, 0, 0),
(15, 1, 0, 0),
(22, 1, 0, 0),
(23, 1, 0, 0),
(24, 1, 0, 0),
(25, 1, 0, 0),
(26, 1, 0, 0),
(27, 1, 0, 0),
(28, 1, 0, 0),
(29, 1, 0, 0),
(30, 1, 0, 0),
(47, 1, 0, 0),
(48, 1, 0, 0),
(49, 1, 0, 0),
(50, 1, 0, 0),
(51, 1, 0, 0),
(52, 1, 0, 0),
(53, 1, 0, 0),
(54, 1, 0, 0),
(55, 1, 0, 0),
(56, 1, 0, 0),
(57, 1, 0, 0),
(58, 1, 0, 0),
(59, 1, 0, 0),
(60, 1, 0, 0),
(61, 1, 0, 0),
(62, 1, 0, 0),
(63, 1, 0, 0),
(91, 0, 34, 1111),
(95, 0, 34, 1111),
(180, 2, 44, 400),
(181, 2, 48, 150),
(182, 2, 51, 1000),
(220, 3, 73, 150),
(221, 3, 91, 200),
(222, 3, 86, 100);

-- --------------------------------------------------------

--
-- Struktura tabeli dla tabeli `model_posilku`
--

CREATE TABLE `model_posilku` (
  `id` int(11) NOT NULL,
  `id_posilku` int(11) NOT NULL,
  `time0` int(11) NOT NULL,
  `time30` int(11) NOT NULL,
  `time60` int(11) NOT NULL,
  `time90` int(11) NOT NULL,
  `time150` int(11) NOT NULL,
  `time300` int(11) NOT NULL,
  `time500` int(11) NOT NULL
) ENGINE=InnoDB DEFAULT CHARSET=utf8mb4;

--
-- Zrzut danych tabeli `model_posilku`
--

INSERT INTO `model_posilku` (`id`, `id_posilku`, `time0`, `time30`, `time60`, `time90`, `time150`, `time300`, `time500`) VALUES
(1, 1, 111, 111, 111, 111, 111, 0, 0),
(2, 2, 105, 160, 180, 140, 105, 0, 0),
(3, 1, 122, 222, 333, 122, 432, 0, 0),
(4, 4, 110, 170, 190, 150, 110, 0, 0),
(25, 16, 122, 124, 125, 122, 122, 0, 0),
(26, 17, 110, 170, 120, 110, 110, 0, 0),
(27, 17, 110, 170, 120, 110, 110, 0, 0),
(28, 18, 110, 222, 200, 120, 110, 0, 0),
(29, 19, 115, 174, 124, 116, 115, 0, 0),
(31, 21, 110, 175, 140, 110, 110, 0, 0),
(32, 22, 115, 185, 131, 115, 115, 0, 0),
(33, 23, 120, 163, 135, 120, 120, 0, 0),
(34, 24, 130, 180, 140, 135, 130, 0, 0),
(35, 25, 120, 130, 140, 120, 120, 0, 0),
(36, 26, 120, 130, 140, 120, 120, 0, 0),
(37, 27, 130, 180, 140, 135, 130, 0, 0),
(38, 28, 120, 180, 140, 120, 120, 0, 0),
(39, 29, 99, 170, 110, 99, 99, 0, 0),
(40, 30, 101, 261, 150, 105, 101, 0, 0),
(41, 31, 101, 241, 210, 141, 101, 0, 0),
(42, 32, 99, 261, 210, 181, 130, 102, 99),
(43, 33, 115, 155, 161, 120, 115, 115, 115),
(50, 38, 120, 150, 161, 150, 130, 120, 120),
(51, 38, 120, 150, 161, 150, 130, 120, 120),
(52, 38, 120, 150, 161, 150, 130, 120, 120),
(53, 38, 120, 150, 161, 150, 130, 120, 120),
(54, 40, 112, 150, 190, 165, 130, 115, 112),
(55, 40, 112, 150, 190, 165, 130, 115, 112),
(56, 40, 112, 150, 190, 165, 130, 115, 112),
(57, 40, 112, 150, 190, 165, 130, 115, 112),
(58, 40, 112, 150, 190, 165, 130, 115, 112),
(59, 40, 112, 150, 190, 165, 130, 115, 112),
(60, 40, 112, 150, 190, 165, 130, 115, 112),
(87, 50, 110, 150, 120, 110, 110, 110, 110),
(88, 51, 111, 231, 221, 131, 113, 111, 111),
(89, 52, 98, 211, 198, 112, 99, 98, 98),
(90, 53, 122, 210, 161, 120, 122, 120, 120),
(91, 54, 115, 222, 200, 165, 115, 115, 115),
(92, 54, 115, 222, 200, 165, 115, 115, 115),
(93, 54, 115, 222, 200, 165, 115, 115, 115),
(94, 55, 103, 210, 161, 120, 110, 103, 103),
(95, 56, 97, 143, 141, 111, 97, 97, 97),
(96, 57, 101, 162, 148, 109, 101, 101, 101),
(97, 59, 99, 150, 160, 132, 110, 99, 99);

-- --------------------------------------------------------

--
-- Struktura tabeli dla tabeli `posilki`
--

CREATE TABLE `posilki` (
  `id` int(11) NOT NULL,
  `id_posilku` int(11) NOT NULL,
  `id_produktu` int(11) NOT NULL,
  `id_usera` int(11) NOT NULL,
  `ilosc` double NOT NULL,
  `data` datetime NOT NULL DEFAULT current_timestamp(),
  `ig` float NOT NULL
) ENGINE=InnoDB DEFAULT CHARSET=utf8mb4;

--
-- Zrzut danych tabeli `posilki`
--

INSERT INTO `posilki` (`id`, `id_posilku`, `id_produktu`, `id_usera`, `ilosc`, `data`, `ig`) VALUES
(76, 1, 42, 1, 300, '2020-06-07 20:25:31', 0),
(77, 1, 33, 1, 200, '2020-06-07 20:25:31', 0),
(78, 1, 40, 1, 100, '2020-06-07 20:25:31', 0),
(79, 2, 43, 1, 500, '2020-06-09 01:24:55', 0),
(80, 2, 33, 1, 300, '2020-06-09 01:24:55', 0),
(81, 3, 34, 1, 30, '2020-06-11 13:01:17', 0),
(82, 3, 39, 1, 20, '2020-06-11 13:01:17', 0),
(83, 3, 37, 1, 150, '2020-06-11 13:01:17', 0),
(84, 3, 41, 1, 200, '2020-06-11 13:01:17', 0),
(85, 4, 34, 1, 30, '2020-06-11 13:04:48', 0),
(86, 4, 39, 1, 20, '2020-06-11 13:04:48', 0),
(87, 4, 37, 1, 150, '2020-06-11 13:04:48', 0),
(88, 4, 41, 1, 200, '2020-06-11 13:04:48', 0),
(169, 16, 34, 1, 30, '2020-06-13 02:06:14', 0),
(170, 16, 39, 1, 20, '2020-06-13 02:06:14', 0),
(171, 16, 37, 1, 150, '2020-06-13 02:06:14', 0),
(172, 16, 41, 1, 200, '2020-06-13 02:06:14', 0),
(173, 17, 32, 2, 20, '2020-06-13 02:56:13', 0),
(174, 17, 33, 2, 290, '2020-06-13 02:56:13', 0),
(175, 17, 38, 2, 11, '2020-06-13 02:56:13', 0),
(176, 17, 32, 2, 20, '2020-06-13 02:57:12', 0),
(177, 17, 33, 2, 290, '2020-06-13 02:57:12', 0),
(178, 17, 38, 2, 11, '2020-06-13 02:57:12', 0),
(179, 18, 32, 2, 20, '2020-06-13 03:05:40', 0),
(180, 18, 33, 2, 290, '2020-06-13 03:05:40', 0),
(181, 18, 38, 2, 11, '2020-06-13 03:05:40', 0),
(182, 19, 44, 2, 400, '2020-06-14 17:01:29', 0),
(183, 19, 33, 2, 200, '2020-06-14 17:01:29', 0),
(186, 21, 33, 2, 200, '2020-06-14 18:52:55', 0),
(187, 21, 44, 2, 200, '2020-06-14 18:52:55', 0),
(188, 22, 44, 2, 200, '2020-06-15 13:13:41', 0),
(189, 22, 45, 2, 200, '2020-06-15 13:13:41', 0),
(190, 23, 46, 2, 160, '2020-06-16 01:42:17', 0),
(191, 23, 47, 2, 250, '2020-06-16 01:42:17', 0),
(192, 23, 48, 2, 100, '2020-06-16 01:42:17', 0),
(193, 24, 46, 2, 100, '2020-06-16 10:45:15', 0),
(194, 24, 47, 2, 200, '2020-06-16 10:45:15', 0),
(195, 24, 48, 2, 100, '2020-06-16 10:45:15', 0),
(196, 25, 47, 2, 200, '2020-06-17 02:37:21', 0),
(197, 25, 48, 2, 100, '2020-06-17 02:37:21', 0),
(198, 25, 46, 2, 22, '2020-06-17 02:37:21', 0),
(199, 26, 47, 2, 200, '2020-06-17 02:53:23', 0),
(200, 26, 48, 2, 100, '2020-06-17 02:53:23', 0),
(201, 26, 46, 2, 22, '2020-06-17 02:53:23', 0),
(202, 28, 47, 2, 200, '2020-06-17 02:58:56', 30),
(203, 28, 48, 2, 100, '2020-06-17 02:58:56', 70),
(204, 28, 46, 2, 22, '2020-06-17 02:58:56', 30),
(205, 29, 46, 2, 100, '2020-06-17 03:18:08', 30),
(206, 29, 48, 2, 10, '2020-06-17 03:18:08', 70),
(207, 29, 51, 2, 200, '2020-06-17 03:18:08', 48),
(208, 29, 48, 2, 111, '2020-06-17 03:18:08', 70),
(209, 30, 44, 2, 400, '2020-06-17 03:20:35', 30),
(210, 30, 48, 2, 150, '2020-06-17 03:20:35', 70),
(211, 30, 51, 2, 1000, '2020-06-17 03:20:35', 48),
(212, 31, 44, 2, 400, '2020-06-17 03:23:11', 30),
(213, 31, 48, 2, 150, '2020-06-17 03:23:11', 70),
(214, 31, 51, 2, 1000, '2020-06-17 03:23:11', 48),
(215, 32, 44, 2, 400, '2020-06-17 03:38:38', 30),
(216, 32, 48, 2, 150, '2020-06-17 03:38:38', 70),
(217, 32, 51, 2, 1000, '2020-06-17 03:38:38', 48),
(218, 33, 50, 1, 200, '2020-06-17 15:23:48', 0),
(219, 33, 43, 1, 20, '2020-06-17 15:23:48', 0),
(220, 33, 42, 1, 100, '2020-06-17 15:23:48', 0),
(225, 0, 0, 0, 0, '2020-06-17 15:37:33', 35),
(226, 0, 0, 0, 0, '2020-06-17 15:37:33', 65),
(227, 0, 0, 0, 0, '2020-06-17 15:37:33', 0),
(228, 0, 0, 0, 0, '2020-06-17 15:37:33', 65),
(245, 38, 43, 1, 222, '2020-06-17 22:42:31', 0),
(246, 38, 52, 1, 200, '2020-06-17 22:42:31', 0),
(247, 38, 43, 1, 222, '2020-06-17 22:47:46', 0),
(248, 38, 52, 1, 200, '2020-06-17 22:47:46', 0),
(249, 38, 43, 1, 222, '2020-06-17 22:52:58', 0),
(250, 38, 52, 1, 200, '2020-06-17 22:52:58', 0),
(251, 38, 43, 1, 222, '2020-06-17 22:54:19', 0),
(252, 38, 52, 1, 200, '2020-06-17 22:54:19', 0),
(253, 39, 54, 1, 200, '2020-06-17 23:39:49', 0),
(254, 39, 55, 1, 200, '2020-06-17 23:39:49', 0),
(255, 39, 56, 1, 200, '2020-06-17 23:39:49', 0),
(256, 40, 54, 1, 200, '2020-06-17 23:40:12', 0),
(257, 40, 55, 1, 200, '2020-06-17 23:40:12', 0),
(258, 40, 56, 1, 200, '2020-06-17 23:40:12', 0),
(259, 40, 54, 1, 200, '2020-06-17 23:41:29', 0),
(260, 40, 55, 1, 200, '2020-06-17 23:41:29', 0),
(261, 40, 56, 1, 200, '2020-06-17 23:41:29', 0),
(262, 40, 54, 1, 200, '2020-06-17 23:42:36', 0),
(263, 40, 55, 1, 200, '2020-06-17 23:42:36', 0),
(264, 40, 56, 1, 200, '2020-06-17 23:42:36', 0),
(265, 40, 54, 1, 200, '2020-06-17 23:43:28', 0),
(266, 40, 55, 1, 200, '2020-06-17 23:43:28', 0),
(267, 40, 56, 1, 200, '2020-06-17 23:43:28', 0),
(268, 40, 54, 1, 200, '2020-06-17 23:44:08', 0),
(269, 40, 55, 1, 200, '2020-06-17 23:44:08', 0),
(270, 40, 56, 1, 200, '2020-06-17 23:44:08', 0),
(271, 40, 54, 1, 200, '2020-06-17 23:48:14', 0),
(272, 40, 55, 1, 200, '2020-06-17 23:48:14', 0),
(273, 40, 56, 1, 200, '2020-06-17 23:48:14', 0),
(274, 40, 54, 1, 200, '2020-06-17 23:48:36', 0),
(275, 40, 55, 1, 200, '2020-06-17 23:48:36', 0),
(276, 40, 56, 1, 200, '2020-06-17 23:48:36', 0),
(355, 50, 59, 1, 140, '2020-06-22 01:01:03', 0),
(356, 50, 61, 1, 20, '2020-06-22 01:01:03', 0),
(357, 50, 62, 1, 50, '2020-06-22 01:01:03', 0),
(358, 51, 63, 1, 90, '2020-06-26 02:29:14', 0),
(359, 51, 64, 1, 40, '2020-06-26 02:29:14', 0),
(360, 51, 65, 1, 150, '2020-06-26 02:29:14', 0),
(361, 51, 66, 1, 200, '2020-06-26 02:29:14', 0),
(362, 51, 67, 1, 150, '2020-06-26 02:29:14', 0),
(363, 51, 68, 1, 300, '2020-06-26 02:29:14', 0),
(364, 52, 63, 1, 90, '2020-06-26 02:36:09', 0),
(365, 52, 64, 1, 40, '2020-06-26 02:36:09', 0),
(366, 52, 65, 1, 150, '2020-06-26 02:36:09', 0),
(367, 52, 66, 1, 200, '2020-06-26 02:36:09', 0),
(368, 52, 67, 1, 150, '2020-06-26 02:36:09', 0),
(369, 52, 68, 1, 300, '2020-06-26 02:36:09', 0),
(370, 53, 63, 1, 90, '2020-06-26 02:38:49', 0),
(371, 53, 64, 1, 40, '2020-06-26 02:38:49', 0),
(372, 53, 65, 1, 150, '2020-06-26 02:38:49', 0),
(373, 53, 66, 1, 200, '2020-06-26 02:38:49', 0),
(374, 53, 67, 1, 150, '2020-06-26 02:38:49', 0),
(375, 53, 68, 1, 300, '2020-06-26 02:38:49', 0),
(376, 54, 63, 1, 90, '2020-06-26 02:39:24', 0),
(377, 54, 64, 1, 40, '2020-06-26 02:39:24', 0),
(378, 54, 65, 1, 150, '2020-06-26 02:39:24', 0),
(379, 54, 66, 1, 200, '2020-06-26 02:39:24', 0),
(380, 54, 67, 1, 150, '2020-06-26 02:39:24', 0),
(381, 54, 68, 1, 300, '2020-06-26 02:39:24', 0),
(382, 54, 63, 1, 90, '2020-06-26 02:43:06', 0),
(383, 54, 64, 1, 40, '2020-06-26 02:43:06', 0),
(384, 54, 65, 1, 150, '2020-06-26 02:43:06', 0),
(385, 54, 66, 1, 200, '2020-06-26 02:43:06', 0),
(386, 54, 67, 1, 150, '2020-06-26 02:43:06', 0),
(387, 54, 68, 1, 300, '2020-06-26 02:43:06', 0),
(388, 54, 63, 1, 90, '2020-06-26 02:44:14', 0),
(389, 54, 64, 1, 40, '2020-06-26 02:44:14', 0),
(390, 54, 65, 1, 150, '2020-06-26 02:44:14', 0),
(391, 54, 66, 1, 200, '2020-06-26 02:44:14', 0),
(392, 54, 67, 1, 150, '2020-06-26 02:44:14', 0),
(393, 54, 68, 1, 300, '2020-06-26 02:44:14', 0),
(394, 55, 63, 1, 90, '2020-06-26 02:45:25', 0),
(395, 55, 64, 1, 40, '2020-06-26 02:45:25', 0),
(396, 55, 65, 1, 150, '2020-06-26 02:45:25', 0),
(397, 55, 67, 1, 150, '2020-06-26 02:45:25', 0),
(398, 55, 68, 1, 300, '2020-06-26 02:45:25', 0),
(399, 56, 70, 3, 50, '2020-07-07 13:45:39', 0),
(400, 56, 71, 3, 100, '2020-07-07 13:45:39', 0),
(401, 56, 76, 3, 150, '2020-07-07 13:45:39', 0),
(402, 56, 73, 3, 100, '2020-07-07 13:45:39', 0),
(403, 57, 91, 3, 300, '2020-07-07 14:31:53', 0),
(404, 57, 83, 3, 300, '2020-07-07 14:31:53', 0),
(405, 57, 86, 3, 80, '2020-07-07 14:31:53', 0),
(406, 57, 77, 3, 100, '2020-07-07 14:31:53', 0),
(410, 59, 84, 3, 200, '2020-07-08 10:22:53', 0),
(411, 59, 82, 3, 100, '2020-07-08 10:22:53', 0),
(412, 59, 74, 3, 50, '2020-07-08 10:22:53', 0);

-- --------------------------------------------------------

--
-- Struktura tabeli dla tabeli `posilki_zlozone`
--

CREATE TABLE `posilki_zlozone` (
  `id` int(11) NOT NULL,
  `nazwa` text NOT NULL,
  `opis` text NOT NULL,
  `ig` float NOT NULL
) ENGINE=InnoDB DEFAULT CHARSET=utf8mb4;

--
-- Zrzut danych tabeli `posilki_zlozone`
--

INSERT INTO `posilki_zlozone` (`id`, `nazwa`, `opis`, `ig`) VALUES
(1, 'Obiad - sandacz z ziemniakami', 'husd iojsdiasj sadjaskl jjsadj jsadjasjj jdjk jkjaljd', 0),
(2, 'Rolada wieprzowa z ziemniakami', '', 0),
(3, 'salatka z brzoskwinia', 'Salatka z brzoswkinią - w jej sklad wchodzi to to i smo', 0),
(4, 'SALATKA SMAKA I OWAKA', 'TO TO I TAMTO', 0),
(16, 'sasas', 'asdsdsd', 0),
(17, 'ada', 'adadadadada', 0),
(18, 'sasas', 'sassssssss', 0),
(19, 'Obiad kotlet z ziemniakami', 'jasidjsaidjsadjsaopdksaidjasjdksa', 0),
(21, 'Obiad- kotlet z ziemniakami', 'Obiad- kotlet z ziemniakami', 0),
(22, 'kotlet z bananem', 'to jest kotlet blblllbbbllblb', 0),
(23, 'Guacamole', 'Jedna miseczka guacamole. (czarna miska z kotem) wypełniona po brzegi ', 0),
(24, 'Guacamole', 'hdadhsajkdhasjkdhkasj', 0),
(25, 'papapole', 'asadasd', 0),
(26, 'papapole', 'asadasd', 0),
(27, 'sdsadsad', 'sadasdasd', 0),
(28, 'papapole', 'asdsadas', 0),
(29, 'cebulowa rozkosz', 'lubie kiedy smiedze cebulą', 50),
(30, 'wymysl autora', 'jakdjksajdkasdas', 45.4839),
(31, 'aasasasasasasasasasa', 'aaaaaaaaaa', 45.4839),
(32, 'ole ole', 'assss', 45.4839),
(33, 'takie cos', '', 0),
(38, 'obiad silacza', 'adsadasdasd', 0),
(39, 'zupa kokosowa', 'zupa kokosowa', 0),
(40, 'zupa kokosowa', 'zupa kokosowa', 0),
(46, 'aaaaaaa', 'sssssssssssssssss', 0),
(47, 'aaaaaaa', 'sssssssssssssssss', 0),
(50, 'psilek', 'ahhhhhaa', 41.5263),
(51, 'Miks owoco warzyw na patelnie', 'tak jak w tytule', 0),
(52, 'mikssssss', 'miksik czegos', 56),
(53, 'asasdsad', 'asdsadsad', 56),
(54, 'asdsada', 'asdsadasd', 56),
(55, 'fusy', 'Koko dżambo i do przodu', 77.7534),
(56, 'Sałatka owocowa z twarogiem', 'To co w nazwie', 35.625),
(57, 'Takie cos', '', 53.5632),
(59, 'Frytki z bobem', 'aaaaaaa', 70.7143);

-- --------------------------------------------------------

--
-- Struktura tabeli dla tabeli `produkty`
--

CREATE TABLE `produkty` (
  `id` int(11) NOT NULL,
  `nazwa` text NOT NULL,
  `indeks` float NOT NULL,
  `opis` text NOT NULL,
  `id_wlasc` int(11) DEFAULT NULL,
  `Glukoza` float NOT NULL,
  `Fruktoza` float NOT NULL,
  `Galaktoza` float NOT NULL,
  `Malachoza_disacharydowa` float NOT NULL,
  `Trehaloza` float NOT NULL,
  `Sacharoza` float NOT NULL,
  `Laktoza` float NOT NULL,
  `Polisacharydy_Maltotriose` float NOT NULL,
  `Maltotetraoza` float NOT NULL,
  `Skrobia` float NOT NULL,
  `Maltodekstryna` float NOT NULL,
  `Alkohole_cukrowe_Maltitol` float NOT NULL,
  `Ksylitol` float NOT NULL,
  `ig_obliczony` float NOT NULL
) ENGINE=InnoDB DEFAULT CHARSET=utf8mb4;

--
-- Zrzut danych tabeli `produkty`
--

INSERT INTO `produkty` (`id`, `nazwa`, `indeks`, `opis`, `id_wlasc`, `Glukoza`, `Fruktoza`, `Galaktoza`, `Malachoza_disacharydowa`, `Trehaloza`, `Sacharoza`, `Laktoza`, `Polisacharydy_Maltotriose`, `Maltotetraoza`, `Skrobia`, `Maltodekstryna`, `Alkohole_cukrowe_Maltitol`, `Ksylitol`, `ig_obliczony`) VALUES
(28, 'qqqq', 0, 'sfdsfdsfds', 1, 0, 0, 0, 0, 0, 0, 0, 0, 0, 0, 0, 0, 0, 0),
(30, 'ziemniak', 0, 'Jeden ziemniak wazy 70g', 1, 0, 0, 0, 0, 0, 0, 0, 0, 0, 0, 0, 0, 0, 0),
(31, 'ziemniak klasa a', 0, 'asafffaf', 1, 0, 0, 0, 0, 0, 0, 0, 0, 0, 0, 0, 0, 0, 0),
(32, 'ziemniaki zielone', 0, 'ziemniaki sa zielone xddd', 2, 0, 0, 0, 0, 0, 0, 0, 0, 0, 0, 0, 0, 0, 0),
(33, 'ziemniaki czerwone', 0, 'czerowne ziemniaczki heehehhe', NULL, 0, 0, 0, 0, 0, 0, 0, 0, 0, 0, 0, 0, 0, 0),
(34, 'Truskawki', 0, 'Jedna mała truskawka wazy 7 gram.', 1, 0, 0, 0, 0, 0, 0, 0, 0, 0, 0, 0, 0, 0, 0),
(35, 'cytryna', 0, 'Jeden plaster cytryny to 10g', 1, 0, 0, 0, 0, 0, 0, 0, 0, 0, 0, 0, 0, 0, 0),
(36, '', 0, '', 1, 0, 0, 0, 0, 0, 0, 0, 0, 0, 0, 0, 0, 0, 0),
(37, 'slonecznik', 0, 'Paczka obranego slonecznika waży 80g', 1, 0, 0, 0, 0, 0, 0, 0, 0, 0, 0, 0, 0, 0, 0),
(38, 'paluszki', 0, 'Lubie jesc xDDDDD', 2, 0, 0, 0, 0, 0, 0, 0, 0, 0, 0, 0, 0, 0, 0),
(39, 'brzoskwinia', 0, 'Jedna obrana brzoskwinia waży 85g', 1, 0, 0, 0, 0, 0, 0, 0, 0, 0, 0, 0, 0, 0, 0),
(40, 'sałata', 0, 'hhhhhhhhhhhhhhhhhh', 1, 0, 0, 0, 0, 0, 0, 0, 0, 0, 0, 0, 0, 0, 0),
(41, 'pomarańcza', 0, 'Jedna obrana pomarancza wazy 140g', 1, 0, 0, 0, 0, 0, 0, 0, 0, 0, 0, 0, 0, 0, 0),
(42, 'Sandacz', 0, 'Filet z sandacza', 1, 0, 0, 0, 0, 0, 0, 0, 0, 0, 0, 0, 0, 0, 0),
(43, 'wieprzowina', 65, 'Jedna porcja miesa ma 300 gram.', 1, 0, 0, 0, 0, 0, 0, 0, 0, 0, 0, 0, 0, 0, 0),
(44, 'kotlet', 30, 'sadsadsad', 2, 0, 0, 0, 0, 0, 0, 0, 0, 0, 0, 0, 0, 0, 0),
(45, 'banan', 70, 'banan dojrząły wazy 120g', 2, 0, 0, 0, 0, 0, 0, 0, 0, 0, 0, 0, 0, 0, 0),
(46, 'awokado', 30, 'Awokado - owoc ze zdorwymi tłuszczami', 2, 0, 0, 0, 0, 0, 0, 0, 0, 0, 0, 0, 0, 0, 0),
(47, 'pomidor', 30, '', 2, 0, 0, 0, 0, 0, 0, 0, 0, 0, 0, 0, 0, 0, 0),
(48, 'cebula', 70, 'Cebula biała', 2, 0, 0, 0, 0, 0, 0, 0, 0, 0, 0, 0, 0, 0, 0),
(49, 'papryka czerwona', 35, 'papryka czerwona wazy 160g', 1, 13, 0, 0, 0, 0, 0, 11, 0, 0, 0, 0, 2, 0, 0),
(51, 'oooo', 48, 'assaaaa', 2, 12, 0, 22, 0, 0, 0, 11, 0, 0, 0, 0, 0, 0, 0),
(54, 'kokos', 66.0286, 'sssssssssssss', 1, 0, 0, 0, 11, 0, 0, 22, 0, 0, 1, 0, 0, 1, 0),
(55, 'mleko', 82.3333, 'sssssssssssss', 1, 22, 0, 0, 0, 0, 0, 11, 0, 0, 0, 0, 0, 0, 0),
(56, 'cytryna', 38.9048, 'sssssssssssss', 1, 0, 11, 2, 2, 1, 1, 0, 0, 0, 1, 0, 3, 0, 0),
(57, 'sok pomaranczowy', 0, 'asdsfsdfsdf', 1, 11, 3, 0, 0, 0, 2, 0, 0, 0, 1, 1, 0, 1, 79.7895),
(58, 'sok pomaranczowy', 0, 'asdsfsdfsdf', 1, 11, 3, 0, 0, 0, 2, 0, 0, 0, 1, 1, 0, 1, 79.7895),
(59, 'Bułka pszenna', 82, 'Bułka pszenna z piekarni charciarek. Jedna waży około 120g. ', 1, 0, 0, 0, 0, 0, 0, 0, 0, 0, 0, 0, 0, 0, 0),
(60, 'aaaaaaaaa', 70, 'sssssssssssssssss', 1, 0, 0, 0, 0, 0, 0, 0, 0, 0, 0, 0, 0, 0, 0),
(61, 'masło mlekovita', 20, 'masło mlekovita', 1, 0, 0, 0, 0, 0, 0, 0, 0, 0, 0, 0, 0, 0, 0),
(62, 'szynka konserwowa pikok', 0, 'Szynka z lidla', 1, 1, 0, 12, 3, 0, 0, 0, 0, 0, 1, 0, 0, 2, 41.5263),
(63, 'orzech', 56, 'asasa', 1, 0, 0, 0, 0, 0, 0, 0, 0, 0, 0, 0, 0, 0, 0),
(64, 'migdały', 48, 'migdałki', 1, 0, 0, 0, 0, 0, 0, 0, 0, 0, 0, 0, 0, 0, 0),
(65, 'cukinia', 71, 'cukinia', 1, 0, 0, 0, 0, 0, 0, 0, 0, 0, 0, 0, 0, 0, 0),
(66, 'marchewka', 785, 'marchew hehehehe', 1, 0, 0, 0, 0, 0, 0, 0, 0, 0, 0, 0, 0, 0, 0),
(67, 'jabłko', 81, 'kabłko hehehehe', 1, 0, 0, 0, 0, 0, 0, 0, 0, 0, 0, 0, 0, 0, 0),
(69, 'cukinia', 15, 'cukinia', NULL, 0, 0, 0, 0, 0, 0, 0, 0, 0, 0, 0, 0, 0, 0),
(70, 'czarna porzeczka', 15, '', NULL, 0, 0, 0, 0, 0, 0, 0, 0, 0, 0, 0, 0, 0, 0),
(71, 'Gruszka', 30, 'Młoda  gruszka', NULL, 0, 0, 0, 0, 0, 0, 0, 0, 0, 0, 0, 0, 0, 0),
(72, 'Pomidor', 30, '', NULL, 0, 0, 0, 0, 0, 0, 0, 0, 0, 0, 0, 0, 0, 0),
(73, 'Twaróg Odtłuszczony', 30, 'Twaróg firmy pilos ', NULL, 0, 0, 0, 0, 0, 0, 0, 0, 0, 0, 0, 0, 0, 0),
(74, 'Musztarda ', 35, '', NULL, 0, 0, 0, 0, 0, 0, 0, 0, 0, 0, 0, 0, 0, 0),
(75, 'Sok z marchwi', 40, 'Świeo wycisniety sok z merchewki', NULL, 0, 0, 0, 0, 0, 0, 0, 0, 0, 0, 0, 0, 0, 0),
(76, 'Kiwi', 50, '', NULL, 0, 0, 0, 0, 0, 0, 0, 0, 0, 0, 0, 0, 0, 0),
(77, 'Kasza manna', 60, '', NULL, 0, 0, 0, 0, 0, 0, 0, 0, 0, 0, 0, 0, 0, 0),
(78, 'Lody grycan', 63, 'miętowe  loedy z kawałkami czekolady', NULL, 0, 0, 0, 0, 0, 0, 0, 0, 0, 0, 0, 0, 0, 0),
(79, 'Majonez ', 60, '', NULL, 0, 0, 0, 0, 0, 0, 0, 0, 0, 0, 0, 0, 0, 0),
(80, 'Miód', 60, '', NULL, 0, 0, 0, 0, 0, 0, 0, 0, 0, 0, 0, 0, 0, 0),
(81, 'Makaron Lubella ', 72, 'Świderki', NULL, 0, 0, 0, 0, 0, 0, 0, 0, 0, 0, 0, 0, 0, 0),
(82, 'Bób ', 80, 'gotowany bób', NULL, 0, 0, 0, 0, 0, 0, 0, 0, 0, 0, 0, 0, 0, 0),
(83, 'Pepsi ', 73, '', NULL, 0, 0, 0, 0, 0, 0, 0, 0, 0, 0, 0, 0, 0, 0),
(84, 'Frytki', 75, '', NULL, 0, 0, 0, 0, 0, 0, 0, 0, 0, 0, 0, 0, 0, 0),
(85, 'Piwo ciemne', 104, 'Ciemne piwo książęce', NULL, 0, 0, 0, 0, 0, 0, 0, 0, 0, 0, 0, 0, 0, 0),
(86, 'Ryż basmati', 50, '', NULL, 0, 0, 0, 0, 0, 0, 0, 0, 0, 0, 0, 0, 0, 0),
(87, 'banan zielony', 0, 'banan zielony z tesco', 3, 4.98, 4.85, 0, 0.01, 0, 2.39, 0, 0, 0, 5.38, 0, 0, 0, 75.8677),
(88, 'Truskawki', 0, '', 3, 2.4, 2.4, 0, 0, 0, 1, 0, 0, 0, 0, 0, 0, 0, 60.3448),
(91, 'Woda z sokiem', 0, '', 3, 3, 2, 0, 0, 0, 0, 0, 0, 0, 0, 0, 5, 0, 51.5),
(92, 'banan kaufland', 0, '', 3, 5, 4.85, 0, 0, 0, 2.4, 0, 0, 0, 2.5, 0, 0, 0, 69.2068),
(93, 'cytryna', 30, '', 3, 0, 0, 0, 0, 0, 0, 0, 0, 0, 0, 0, 0, 0, 0),
(94, 'limonka', 0, '', 3, 2, 3, 0, 0, 0, 0, 0, 0, 0, 0, 0, 1, 0, 49.1667);

-- --------------------------------------------------------

--
-- Struktura tabeli dla tabeli `symulacja`
--

CREATE TABLE `symulacja` (
  `id` int(11) NOT NULL,
  `id_usera` int(11) NOT NULL,
  `y` int(11) NOT NULL,
  `label` int(11) NOT NULL
) ENGINE=InnoDB DEFAULT CHARSET=utf8mb4;

--
-- Zrzut danych tabeli `symulacja`
--

INSERT INTO `symulacja` (`id`, `id_usera`, `y`, `label`) VALUES
(4215, 2, 0, 109),
(4216, 2, 1, 104),
(4217, 2, 2, 109),
(4218, 2, 3, 122),
(4219, 2, 4, 136),
(4220, 2, 5, 149),
(4221, 2, 6, 158),
(4222, 2, 7, 163),
(4223, 2, 8, 164),
(4224, 2, 9, 161),
(4225, 2, 10, 155),
(4226, 2, 11, 146),
(4227, 2, 12, 137),
(4228, 2, 13, 128),
(4229, 2, 14, 120),
(4230, 2, 15, 114),
(4231, 2, 16, 109),
(4232, 2, 17, 107),
(4233, 2, 18, 107),
(4234, 2, 19, 108),
(4235, 2, 20, 109),
(4236, 2, 21, 111),
(4237, 2, 22, 112),
(4238, 2, 23, 113),
(4239, 2, 24, 112),
(4240, 2, 25, 109),
(4241, 2, 26, 100),
(4242, 2, 27, 100),
(4243, 2, 28, 110),
(4244, 2, 29, 125),
(4245, 2, 30, 149),
(4246, 2, 31, 158),
(4247, 2, 32, 163),
(4248, 2, 33, 164),
(4249, 2, 34, 161),
(4250, 2, 35, 155),
(4251, 2, 36, 133),
(4252, 2, 37, 133),
(4253, 2, 38, 142),
(4254, 2, 39, 157),
(4255, 2, 40, 172),
(4256, 2, 41, 182),
(4257, 2, 42, 190),
(4258, 2, 43, 193),
(4259, 2, 44, 192),
(4260, 2, 45, 187),
(4261, 2, 46, 174),
(4262, 2, 47, 169),
(4263, 2, 48, 172),
(4264, 2, 49, 175),
(4265, 2, 50, 177),
(4266, 2, 51, 199),
(4267, 2, 52, 207),
(4268, 2, 53, 203),
(4269, 2, 54, 194),
(4270, 2, 55, 186),
(4271, 2, 56, 158),
(4272, 2, 57, 124),
(4273, 2, 58, 85),
(4274, 2, 59, 44),
(4275, 2, 60, 2),
(4276, 2, 61, -37),
(4277, 2, 62, -68),
(4278, 2, 63, -81),
(4279, 2, 64, -68),
(4280, 2, 65, -13),
(4281, 2, 66, 111),
(4282, 2, 67, 112),
(4283, 2, 68, 113),
(4284, 2, 69, 112),
(4285, 2, 70, 109),
(4286, 2, 71, 105),
(4287, 2, 72, 100),
(4288, 2, 73, 97),
(4289, 2, 74, 98),
(4290, 2, 75, 109),
(4291, 2, 76, 157),
(4292, 2, 77, 189),
(4293, 2, 78, 209),
(4294, 2, 79, 216),
(4295, 2, 80, 216),
(4296, 2, 81, 210),
(4297, 2, 82, 201),
(4298, 2, 83, 190),
(4299, 2, 84, 178),
(4300, 2, 85, 167),
(4301, 2, 86, 155),
(4302, 2, 87, 146),
(4303, 2, 88, 137),
(4304, 2, 89, 131),
(4305, 2, 90, 126),
(4306, 2, 91, 131),
(4307, 2, 92, 138),
(4308, 2, 93, 147),
(4309, 2, 94, 155),
(4310, 2, 95, 162),
(4311, 2, 96, 165),
(4312, 2, 97, 165),
(4313, 2, 98, 163),
(4314, 2, 99, 159),
(4315, 2, 100, 153),
(4316, 2, 101, 145),
(4317, 2, 102, 138),
(4318, 2, 103, 130),
(4319, 2, 104, 125),
(4320, 2, 105, 130),
(4321, 2, 106, 136),
(4322, 2, 107, 144),
(4323, 2, 108, 152),
(4324, 2, 109, 160),
(4325, 2, 110, 167),
(4326, 2, 111, 171),
(4327, 2, 112, 173),
(4328, 2, 113, 172),
(4329, 2, 114, 170),
(4330, 2, 115, 165),
(4331, 2, 116, 160),
(4332, 2, 117, 153),
(4333, 2, 118, 146),
(4334, 2, 119, 141),
(4335, 2, 120, 136),
(4336, 2, 121, 131),
(4337, 2, 122, 126),
(4338, 2, 123, 123),
(4339, 2, 124, 120),
(4340, 2, 125, 117),
(4341, 2, 126, 115),
(4342, 2, 127, 113),
(4343, 2, 128, 111),
(4344, 2, 129, 109),
(4345, 2, 130, 107),
(4346, 2, 131, 106),
(4347, 2, 132, 105),
(4348, 2, 133, 106),
(4349, 2, 134, 109),
(4350, 2, 135, 109),
(4351, 2, 136, 109),
(4352, 2, 137, 109),
(4353, 2, 138, 109),
(4354, 2, 139, 118),
(4355, 2, 140, 128),
(4356, 2, 141, 139),
(4357, 2, 142, 148),
(4358, 2, 143, 155),
(4359, 2, 144, 159),
(4360, 2, 145, 160),
(4361, 2, 146, 160),
(4362, 2, 147, 157),
(4363, 2, 148, 153),
(4364, 2, 149, 147),
(4365, 2, 150, 141),
(4366, 2, 151, 134),
(4367, 2, 152, 128),
(4368, 2, 153, 123),
(4369, 2, 154, 118),
(4370, 2, 155, 121),
(4371, 2, 156, 142),
(4372, 2, 157, 168),
(4373, 2, 158, 193),
(4374, 2, 159, 211),
(4375, 2, 160, 219),
(4376, 2, 161, 219),
(4377, 2, 162, 210),
(4378, 2, 163, 196),
(4379, 2, 164, 179),
(4380, 2, 165, 159),
(4381, 2, 166, 140),
(4382, 2, 167, 127),
(4383, 2, 168, 117),
(4384, 2, 169, 111),
(4385, 2, 170, 109),
(4386, 2, 171, 109),
(4387, 2, 172, 110),
(4388, 2, 173, 111),
(4389, 2, 174, 109),
(4390, 2, 175, 101),
(4391, 2, 176, 85),
(4392, 2, 177, 61),
(4393, 2, 178, 28),
(4394, 2, 179, -11),
(4395, 2, 180, -51),
(4396, 2, 181, -85),
(4397, 2, 182, -102),
(4398, 2, 183, -84),
(4399, 2, 184, -11),
(4400, 2, 185, 109),
(4401, 2, 186, 109),
(4402, 2, 187, 109),
(4403, 2, 188, 109),
(4404, 2, 189, 109),
(4405, 2, 190, 109),
(4406, 2, 191, 109),
(4407, 2, 192, 109),
(4408, 2, 193, 109),
(4409, 2, 194, 109),
(4410, 2, 195, 109),
(4411, 2, 196, 109),
(4412, 2, 197, 109),
(4413, 2, 198, 109),
(4414, 2, 199, 109),
(4415, 2, 200, 109),
(4416, 2, 201, 109),
(4417, 2, 202, 109),
(4418, 2, 203, 109),
(4419, 2, 204, 109),
(4420, 2, 205, 109),
(4421, 2, 206, 109),
(4422, 2, 207, 109),
(4423, 2, 208, 109),
(4424, 2, 209, 109),
(4425, 2, 210, 109),
(4426, 2, 211, 109),
(4427, 2, 212, 109),
(4428, 2, 213, 109),
(4429, 2, 214, 109),
(4430, 2, 215, 109),
(4431, 2, 216, 109),
(4432, 2, 217, 109),
(4433, 2, 218, 109),
(4434, 2, 219, 109),
(4435, 2, 220, 109),
(4436, 2, 221, 109),
(4437, 2, 222, 109),
(4438, 2, 223, 109),
(4439, 2, 224, 109),
(4440, 2, 225, 109),
(4441, 2, 226, 109),
(4442, 2, 227, 109),
(4443, 2, 228, 109),
(4444, 2, 229, 109),
(4445, 2, 230, 109),
(4446, 2, 231, 109),
(4447, 2, 232, 109),
(4448, 2, 233, 109),
(4449, 2, 234, 109),
(4450, 2, 235, 109),
(4451, 2, 236, 109),
(4452, 2, 237, 109),
(4453, 2, 238, 153),
(4454, 2, 239, 204),
(4455, 2, 240, 255),
(4456, 2, 241, 295),
(4457, 2, 242, 328),
(4458, 2, 243, 345),
(4459, 2, 244, 348),
(4460, 2, 245, 344),
(4461, 2, 246, 328),
(4462, 2, 247, 308),
(4463, 2, 248, 279),
(4464, 2, 249, 250),
(4465, 2, 250, 221),
(4466, 2, 251, 193),
(4467, 2, 252, 172),
(4468, 2, 253, 151),
(4469, 2, 254, 136),
(4470, 2, 255, 128),
(4471, 2, 256, 123),
(4472, 2, 257, 120),
(4473, 2, 258, 119),
(4474, 2, 259, 117),
(4475, 2, 260, 117),
(4476, 2, 261, 113),
(4477, 2, 262, 109),
(4478, 2, 263, 103),
(4479, 2, 264, 95),
(4480, 2, 265, 89),
(4481, 2, 266, 93),
(4482, 2, 267, 109),
(4483, 2, 268, 109),
(4484, 2, 269, 109),
(4485, 2, 270, 109),
(4486, 2, 271, 109),
(4487, 2, 272, 109),
(4488, 2, 273, 109),
(4489, 2, 274, 109),
(4490, 2, 275, 109),
(4491, 2, 276, 109),
(4492, 2, 277, 109),
(4493, 2, 278, 109),
(4494, 2, 279, 109),
(4495, 2, 280, 109),
(4496, 1, 0, 98),
(4497, 1, 1, 98),
(4498, 1, 2, 98),
(4499, 1, 3, 98),
(4500, 1, 4, 98),
(4501, 1, 5, 98),
(4502, 1, 6, 98),
(4503, 1, 7, 98),
(4504, 1, 8, 98),
(4505, 1, 9, 98),
(4506, 1, 10, 98),
(4507, 1, 11, 98),
(4508, 1, 12, 98),
(4509, 1, 13, 98),
(4510, 1, 14, 98),
(4511, 1, 15, 98),
(4512, 1, 16, 98),
(4513, 1, 17, 98),
(4514, 1, 18, 98),
(4515, 1, 19, 98),
(4516, 1, 20, 98),
(4517, 1, 21, 98),
(4518, 1, 22, 98),
(4519, 1, 23, 98),
(4520, 1, 24, 98),
(4521, 1, 25, 98),
(4522, 1, 26, 98),
(4523, 1, 27, 98),
(4524, 1, 28, 98),
(4525, 1, 29, 98),
(4526, 1, 30, 98),
(4527, 1, 31, 98),
(4528, 1, 32, 98),
(4529, 1, 33, 98),
(4530, 1, 34, 98),
(4531, 1, 35, 98),
(4532, 1, 36, 98),
(4533, 1, 37, 98),
(4534, 1, 38, 98),
(4535, 1, 39, 98),
(4536, 1, 40, 98),
(4537, 1, 41, 98),
(4538, 1, 42, 98),
(4539, 1, 43, 98),
(4540, 1, 44, 98),
(4541, 1, 45, 98),
(4542, 1, 46, 98),
(4543, 1, 47, 98),
(4544, 1, 48, 98),
(4545, 1, 49, 98),
(4546, 1, 50, 98),
(4547, 1, 51, 98),
(4548, 1, 52, 98),
(4549, 1, 53, 98),
(4550, 1, 54, 98),
(4551, 1, 55, 98),
(4552, 1, 56, 98),
(4553, 1, 57, 98),
(4554, 1, 58, 98),
(4555, 1, 59, 98),
(4556, 1, 60, 98),
(4557, 1, 61, 98),
(4558, 1, 62, 98),
(4559, 1, 63, 98),
(4560, 1, 64, 98),
(4561, 1, 65, 98),
(4562, 1, 66, 98),
(4563, 1, 67, 98),
(4564, 1, 68, 98),
(4565, 1, 69, 98),
(4566, 1, 70, 98),
(4567, 1, 71, 98),
(4568, 1, 72, 98),
(4569, 1, 73, 98),
(4570, 1, 74, 98),
(4571, 1, 75, 98),
(4572, 1, 76, 98),
(4573, 1, 77, 98),
(4574, 1, 78, 98),
(4575, 1, 79, 98),
(4576, 1, 80, 98),
(4577, 1, 81, 98),
(4578, 1, 82, 98),
(4579, 1, 83, 98),
(4580, 1, 84, 98),
(4581, 1, 85, 98),
(4582, 1, 86, 98),
(4583, 1, 87, 98),
(4584, 1, 88, 98),
(4585, 1, 89, 98),
(4586, 1, 90, 98),
(4587, 1, 91, 107),
(4588, 1, 92, 117),
(4589, 1, 93, 128),
(4590, 1, 94, 137),
(4591, 1, 95, 144),
(4592, 1, 96, 148),
(4593, 1, 97, 149),
(4594, 1, 98, 149),
(4595, 1, 99, 146),
(4596, 1, 100, 142),
(4597, 1, 101, 136),
(4598, 1, 102, 130),
(4599, 1, 103, 123),
(4600, 1, 104, 117),
(4601, 1, 105, 119),
(4602, 1, 106, 125),
(4603, 1, 107, 133),
(4604, 1, 108, 141),
(4605, 1, 109, 149),
(4606, 1, 110, 156),
(4607, 1, 111, 160),
(4608, 1, 112, 162),
(4609, 1, 113, 161),
(4610, 1, 114, 159),
(4611, 1, 115, 154),
(4612, 1, 116, 149),
(4613, 1, 117, 142),
(4614, 1, 118, 135),
(4615, 1, 119, 130),
(4616, 1, 120, 125),
(4617, 1, 121, 120),
(4618, 1, 122, 115),
(4619, 1, 123, 112),
(4620, 1, 124, 109),
(4621, 1, 125, 106),
(4622, 1, 126, 104),
(4623, 1, 127, 102),
(4624, 1, 128, 100),
(4625, 1, 129, 98),
(4626, 1, 130, 96),
(4627, 1, 131, 95),
(4628, 1, 132, 94),
(4629, 1, 133, 95),
(4630, 1, 134, 98),
(4631, 1, 135, 98),
(4632, 1, 136, 98),
(4633, 1, 137, 98),
(4634, 1, 138, 98),
(4635, 1, 139, 107),
(4636, 1, 140, 117),
(4637, 1, 141, 128),
(4638, 1, 142, 137),
(4639, 1, 143, 144),
(4640, 1, 144, 148),
(4641, 1, 145, 149),
(4642, 1, 146, 149),
(4643, 1, 147, 146),
(4644, 1, 148, 142),
(4645, 1, 149, 136),
(4646, 1, 150, 130),
(4647, 1, 151, 123),
(4648, 1, 152, 117),
(4649, 1, 153, 112),
(4650, 1, 154, 107),
(4651, 1, 155, 103),
(4652, 1, 156, 100),
(4653, 1, 157, 98),
(4654, 1, 158, 98),
(4655, 1, 159, 98),
(4656, 1, 160, 98),
(4657, 1, 161, 98),
(4658, 1, 162, 98),
(4659, 1, 163, 98),
(4660, 1, 164, 98),
(4661, 1, 165, 97),
(4662, 1, 166, 96),
(4663, 1, 167, 97),
(4664, 1, 168, 98),
(4665, 1, 169, 98),
(4666, 1, 170, 98),
(4667, 1, 171, 98),
(4668, 1, 172, 98),
(4669, 1, 173, 98),
(4670, 1, 174, 98),
(4671, 1, 175, 98),
(4672, 1, 176, 98),
(4673, 1, 177, 98),
(4674, 1, 178, 98),
(4675, 1, 179, 98),
(4676, 1, 180, 98),
(4677, 1, 181, 98),
(4678, 1, 182, 98),
(4679, 1, 183, 98),
(4680, 1, 184, 98),
(4681, 1, 185, 98),
(4682, 1, 186, 98),
(4683, 1, 187, 98),
(4684, 1, 188, 98),
(4685, 1, 189, 98),
(4686, 1, 190, 98),
(4687, 1, 191, 98),
(4688, 1, 192, 98),
(4689, 1, 193, 98),
(4690, 1, 194, 98),
(4691, 1, 195, 98),
(4692, 1, 196, 98),
(4693, 1, 197, 98),
(4694, 1, 198, 98),
(4695, 1, 199, 98),
(4696, 1, 200, 98),
(4697, 1, 201, 98),
(4698, 1, 202, 98),
(4699, 1, 203, 98),
(4700, 1, 204, 98),
(4701, 1, 205, 98),
(4702, 1, 206, 98),
(4703, 1, 207, 98),
(4704, 1, 208, 98),
(4705, 1, 209, 98),
(4706, 1, 210, 98),
(4707, 1, 211, 98),
(4708, 1, 212, 98),
(4709, 1, 213, 98),
(4710, 1, 214, 98),
(4711, 1, 215, 98),
(4712, 1, 216, 98),
(4713, 1, 217, 98),
(4714, 1, 218, 98),
(4715, 1, 219, 98),
(4716, 1, 220, 98),
(4717, 1, 221, 98),
(4718, 1, 222, 98),
(4719, 1, 223, 98),
(4720, 1, 224, 98),
(4721, 1, 225, 98),
(4722, 1, 226, 98),
(4723, 1, 227, 98),
(4724, 1, 228, 98),
(4725, 1, 229, 98),
(4726, 1, 230, 98),
(4727, 1, 231, 98),
(4728, 1, 232, 98),
(4729, 1, 233, 98),
(4730, 1, 234, 98),
(4731, 1, 235, 98),
(4732, 1, 236, 98),
(4733, 1, 237, 98),
(4734, 1, 238, 142),
(4735, 1, 239, 193),
(4736, 1, 240, 244),
(4737, 1, 241, 284),
(4738, 1, 242, 317),
(4739, 1, 243, 334),
(4740, 1, 244, 337),
(4741, 1, 245, 333),
(4742, 1, 246, 317),
(4743, 1, 247, 297),
(4744, 1, 248, 268),
(4745, 1, 249, 239),
(4746, 1, 250, 210),
(4747, 1, 251, 182),
(4748, 1, 252, 161),
(4749, 1, 253, 140),
(4750, 1, 254, 125),
(4751, 1, 255, 117),
(4752, 1, 256, 112),
(4753, 1, 257, 109),
(4754, 1, 258, 108),
(4755, 1, 259, 106),
(4756, 1, 260, 106),
(4757, 1, 261, 102),
(4758, 1, 262, 98),
(4759, 1, 263, 92),
(4760, 1, 264, 84),
(4761, 1, 265, 78),
(4762, 1, 266, 82),
(4763, 1, 267, 98),
(4764, 1, 268, 98),
(4765, 1, 269, 98),
(4766, 1, 270, 98),
(4767, 1, 271, 98),
(4768, 1, 272, 98),
(4769, 1, 273, 98),
(4770, 1, 274, 98),
(4771, 1, 275, 98),
(4772, 1, 276, 98),
(4773, 1, 277, 98),
(4774, 1, 278, 98),
(4775, 1, 279, 98),
(4776, 1, 280, 98),
(4777, 3, 0, 95),
(4778, 3, 1, 95),
(4779, 3, 2, 95),
(4780, 3, 3, 95),
(4781, 3, 4, 95),
(4782, 3, 5, 95),
(4783, 3, 6, 95),
(4784, 3, 7, 95),
(4785, 3, 8, 95),
(4786, 3, 9, 95),
(4787, 3, 10, 95),
(4788, 3, 11, 95),
(4789, 3, 12, 95),
(4790, 3, 13, 95),
(4791, 3, 14, 95),
(4792, 3, 15, 95),
(4793, 3, 16, 95),
(4794, 3, 17, 95),
(4795, 3, 18, 95),
(4796, 3, 19, 95),
(4797, 3, 20, 95),
(4798, 3, 21, 95),
(4799, 3, 22, 95),
(4800, 3, 23, 95),
(4801, 3, 24, 95),
(4802, 3, 25, 95),
(4803, 3, 26, 95),
(4804, 3, 27, 95),
(4805, 3, 28, 95),
(4806, 3, 29, 95),
(4807, 3, 30, 95),
(4808, 3, 31, 95),
(4809, 3, 32, 95),
(4810, 3, 33, 95),
(4811, 3, 34, 95),
(4812, 3, 35, 95),
(4813, 3, 36, 95),
(4814, 3, 37, 95),
(4815, 3, 38, 95),
(4816, 3, 39, 95),
(4817, 3, 40, 95),
(4818, 3, 41, 95),
(4819, 3, 42, 95),
(4820, 3, 43, 95),
(4821, 3, 44, 95),
(4822, 3, 45, 95),
(4823, 3, 46, 95),
(4824, 3, 47, 95),
(4825, 3, 48, 95),
(4826, 3, 49, 95),
(4827, 3, 50, 95),
(4828, 3, 51, 95),
(4829, 3, 52, 95),
(4830, 3, 53, 95),
(4831, 3, 54, 95),
(4832, 3, 55, 95),
(4833, 3, 56, 95),
(4834, 3, 57, 95),
(4835, 3, 58, 95),
(4836, 3, 59, 95),
(4837, 3, 60, 95),
(4838, 3, 61, 95),
(4839, 3, 62, 95),
(4840, 3, 63, 95),
(4841, 3, 64, 95),
(4842, 3, 65, 95),
(4843, 3, 66, 95),
(4844, 3, 67, 95),
(4845, 3, 68, 95),
(4846, 3, 69, 95),
(4847, 3, 70, 95),
(4848, 3, 71, 95),
(4849, 3, 72, 95),
(4850, 3, 73, 95),
(4851, 3, 74, 95),
(4852, 3, 75, 95),
(4853, 3, 76, 95),
(4854, 3, 77, 95),
(4855, 3, 78, 95),
(4856, 3, 79, 95),
(4857, 3, 80, 95),
(4858, 3, 81, 95),
(4859, 3, 82, 95),
(4860, 3, 83, 95),
(4861, 3, 84, 95),
(4862, 3, 85, 95),
(4863, 3, 86, 95),
(4864, 3, 87, 95),
(4865, 3, 88, 95),
(4866, 3, 89, 95),
(4867, 3, 90, 95),
(4868, 3, 91, 95),
(4869, 3, 92, 95),
(4870, 3, 93, 95),
(4871, 3, 94, 95),
(4872, 3, 95, 95),
(4873, 3, 96, 95),
(4874, 3, 97, 95),
(4875, 3, 98, 95),
(4876, 3, 99, 95),
(4877, 3, 100, 95),
(4878, 3, 101, 95),
(4879, 3, 102, 95),
(4880, 3, 103, 95),
(4881, 3, 104, 95),
(4882, 3, 105, 95),
(4883, 3, 106, 95),
(4884, 3, 107, 95),
(4885, 3, 108, 95),
(4886, 3, 109, 95),
(4887, 3, 110, 95),
(4888, 3, 111, 95),
(4889, 3, 112, 95),
(4890, 3, 113, 95),
(4891, 3, 114, 95),
(4892, 3, 115, 95),
(4893, 3, 116, 95),
(4894, 3, 117, 95),
(4895, 3, 118, 95),
(4896, 3, 119, 95),
(4897, 3, 120, 95),
(4898, 3, 121, 95),
(4899, 3, 122, 95),
(4900, 3, 123, 95),
(4901, 3, 124, 95),
(4902, 3, 125, 95),
(4903, 3, 126, 95),
(4904, 3, 127, 95),
(4905, 3, 128, 95),
(4906, 3, 129, 95),
(4907, 3, 130, 95),
(4908, 3, 131, 95),
(4909, 3, 132, 95),
(4910, 3, 133, 95),
(4911, 3, 134, 95),
(4912, 3, 135, 95),
(4913, 3, 136, 95),
(4914, 3, 137, 95),
(4915, 3, 138, 95),
(4916, 3, 139, 95),
(4917, 3, 140, 95),
(4918, 3, 141, 95),
(4919, 3, 142, 95),
(4920, 3, 143, 95),
(4921, 3, 144, 95),
(4922, 3, 145, 95),
(4923, 3, 146, 95),
(4924, 3, 147, 95),
(4925, 3, 148, 95),
(4926, 3, 149, 95),
(4927, 3, 150, 95),
(4928, 3, 151, 95),
(4929, 3, 152, 95),
(4930, 3, 153, 95),
(4931, 3, 154, 95),
(4932, 3, 155, 95),
(4933, 3, 156, 95),
(4934, 3, 157, 95),
(4935, 3, 158, 95),
(4936, 3, 159, 95),
(4937, 3, 160, 95),
(4938, 3, 161, 95),
(4939, 3, 162, 95),
(4940, 3, 163, 95),
(4941, 3, 164, 95),
(4942, 3, 165, 95),
(4943, 3, 166, 95),
(4944, 3, 167, 95),
(4945, 3, 168, 95),
(4946, 3, 169, 95),
(4947, 3, 170, 95),
(4948, 3, 171, 95),
(4949, 3, 172, 95),
(4950, 3, 173, 95),
(4951, 3, 174, 95),
(4952, 3, 175, 95),
(4953, 3, 176, 95),
(4954, 3, 177, 95),
(4955, 3, 178, 95),
(4956, 3, 179, 95),
(4957, 3, 180, 95),
(4958, 3, 181, 95),
(4959, 3, 182, 95),
(4960, 3, 183, 95),
(4961, 3, 184, 95),
(4962, 3, 185, 95),
(4963, 3, 186, 95),
(4964, 3, 187, 95),
(4965, 3, 188, 95),
(4966, 3, 189, 95),
(4967, 3, 190, 95),
(4968, 3, 191, 95),
(4969, 3, 192, 95),
(4970, 3, 193, 95),
(4971, 3, 194, 95),
(4972, 3, 195, 95),
(4973, 3, 196, 95),
(4974, 3, 197, 95),
(4975, 3, 198, 95),
(4976, 3, 199, 95),
(4977, 3, 200, 95),
(4978, 3, 201, 95),
(4979, 3, 202, 95),
(4980, 3, 203, 95),
(4981, 3, 204, 95),
(4982, 3, 205, 95),
(4983, 3, 206, 95),
(4984, 3, 207, 95),
(4985, 3, 208, 95),
(4986, 3, 209, 95),
(4987, 3, 210, 95),
(4988, 3, 211, 95),
(4989, 3, 212, 95),
(4990, 3, 213, 95),
(4991, 3, 214, 95),
(4992, 3, 215, 95),
(4993, 3, 216, 95),
(4994, 3, 217, 95),
(4995, 3, 218, 95),
(4996, 3, 219, 95),
(4997, 3, 220, 95),
(4998, 3, 221, 95),
(4999, 3, 222, 95),
(5000, 3, 223, 95),
(5001, 3, 224, 95),
(5002, 3, 225, 95),
(5003, 3, 226, 95),
(5004, 3, 227, 95),
(5005, 3, 228, 95),
(5006, 3, 229, 95),
(5007, 3, 230, 95),
(5008, 3, 231, 95),
(5009, 3, 232, 95),
(5010, 3, 233, 95),
(5011, 3, 234, 95),
(5012, 3, 235, 95),
(5013, 3, 236, 95),
(5014, 3, 237, 95),
(5015, 3, 238, 139),
(5016, 3, 239, 190),
(5017, 3, 240, 241),
(5018, 3, 241, 281),
(5019, 3, 242, 314),
(5020, 3, 243, 331),
(5021, 3, 244, 334),
(5022, 3, 245, 330),
(5023, 3, 246, 314),
(5024, 3, 247, 294),
(5025, 3, 248, 265),
(5026, 3, 249, 236),
(5027, 3, 250, 207),
(5028, 3, 251, 179),
(5029, 3, 252, 158),
(5030, 3, 253, 137),
(5031, 3, 254, 122),
(5032, 3, 255, 114),
(5033, 3, 256, 109),
(5034, 3, 257, 106),
(5035, 3, 258, 105),
(5036, 3, 259, 103),
(5037, 3, 260, 103),
(5038, 3, 261, 99),
(5039, 3, 262, 95),
(5040, 3, 263, 89),
(5041, 3, 264, 81),
(5042, 3, 265, 75),
(5043, 3, 266, 79),
(5044, 3, 267, 95),
(5045, 3, 268, 95),
(5046, 3, 269, 95),
(5047, 3, 270, 95);

-- --------------------------------------------------------

--
-- Struktura tabeli dla tabeli `users`
--

CREATE TABLE `users` (
  `id` int(11) NOT NULL,
  `email` text NOT NULL,
  `login` text NOT NULL,
  `haslo` text NOT NULL,
  `cukier` int(11) NOT NULL
) ENGINE=InnoDB DEFAULT CHARSET=utf8mb4;

--
-- Zrzut danych tabeli `users`
--

INSERT INTO `users` (`id`, `email`, `login`, `haslo`, `cukier`) VALUES
(1, 'tyfus@tralala.pl', 'tyfus', 'qwerty', 98),
(2, 'asasa@aaa.pl', 'ada', 'qwerty', 109),
(3, 'test@gmail.com', 'test', 'qwerty', 95);

--
-- Indeksy dla zrzutów tabel
--

--
-- Indeksy dla tabeli `jadlospis_temp`
--
ALTER TABLE `jadlospis_temp`
  ADD PRIMARY KEY (`id`);

--
-- Indeksy dla tabeli `model_posilku`
--
ALTER TABLE `model_posilku`
  ADD PRIMARY KEY (`id`);

--
-- Indeksy dla tabeli `posilki`
--
ALTER TABLE `posilki`
  ADD PRIMARY KEY (`id`);

--
-- Indeksy dla tabeli `posilki_zlozone`
--
ALTER TABLE `posilki_zlozone`
  ADD PRIMARY KEY (`id`);

--
-- Indeksy dla tabeli `produkty`
--
ALTER TABLE `produkty`
  ADD PRIMARY KEY (`id`);

--
-- Indeksy dla tabeli `symulacja`
--
ALTER TABLE `symulacja`
  ADD PRIMARY KEY (`id`);

--
-- Indeksy dla tabeli `users`
--
ALTER TABLE `users`
  ADD PRIMARY KEY (`id`);

--
-- AUTO_INCREMENT for dumped tables
--

--
-- AUTO_INCREMENT dla tabeli `jadlospis_temp`
--
ALTER TABLE `jadlospis_temp`
  MODIFY `id` int(11) NOT NULL AUTO_INCREMENT, AUTO_INCREMENT=223;

--
-- AUTO_INCREMENT dla tabeli `model_posilku`
--
ALTER TABLE `model_posilku`
  MODIFY `id` int(11) NOT NULL AUTO_INCREMENT, AUTO_INCREMENT=98;

--
-- AUTO_INCREMENT dla tabeli `posilki`
--
ALTER TABLE `posilki`
  MODIFY `id` int(11) NOT NULL AUTO_INCREMENT, AUTO_INCREMENT=413;

--
-- AUTO_INCREMENT dla tabeli `posilki_zlozone`
--
ALTER TABLE `posilki_zlozone`
  MODIFY `id` int(11) NOT NULL AUTO_INCREMENT, AUTO_INCREMENT=1005;

--
-- AUTO_INCREMENT dla tabeli `produkty`
--
ALTER TABLE `produkty`
  MODIFY `id` int(11) NOT NULL AUTO_INCREMENT, AUTO_INCREMENT=95;

--
-- AUTO_INCREMENT dla tabeli `symulacja`
--
ALTER TABLE `symulacja`
  MODIFY `id` int(11) NOT NULL AUTO_INCREMENT, AUTO_INCREMENT=5048;

--
-- AUTO_INCREMENT dla tabeli `users`
--
ALTER TABLE `users`
  MODIFY `id` int(11) NOT NULL AUTO_INCREMENT, AUTO_INCREMENT=4;
COMMIT;

/*!40101 SET CHARACTER_SET_CLIENT=@OLD_CHARACTER_SET_CLIENT */;
/*!40101 SET CHARACTER_SET_RESULTS=@OLD_CHARACTER_SET_RESULTS */;
/*!40101 SET COLLATION_CONNECTION=@OLD_COLLATION_CONNECTION */;
